channel_id,channel_display_name
UC-CcF1XGCRASDRrEOI_zEnQ,Kan Kids
UC-ED1Y9R0Iss1r9sFxGo42g,Gia Khiêm
UC-N91-1XuOboAS_KOHWxpZw,Kênh Bé Yêu - Videos For Kids
UC01qSH2u9gy09mkY8DFZxBw,Angel Kids
UC0rDqtyve7lpHoQ1xjfZlTQ,AM Kids
UC18Hxqi1DFE1SNMpojzo5OA,BonBonBaby TV
UC1psboQLDVCEOD46RNPZdgg,Boomerang Vietnam
UC1yOvzLdFKCF8Kvjv9S67AA,Bé KuTin
UC2Me09D_Yqk8sQjqxNxxf0w,Me Khờ
UC2X4rcHeVGxc7EAA9jiEJLw,ABC Kids Toys Review
UC2abANDLvd-3RYFHuZ3ETrg,Bé Bảo Ngọc
UC2abANDLvd-3RYFHuZ3ETrg,ĐÔ RÊ MI
UC2kDfx1y4p8Jv_lujE4cKuA,Baby TV
UC2tJnB1KDKt3GK_cZKSkbOw,Quả Trứng TV
UC34FYBzqEI_wpZRnBe3A7RQ,Phương Nhi Music
UC3tpp3Vwf6Coi9a00ikk5XA,Thao Nguyen Teddy
UC4jAQ4v6HpjgAqD3LKOox5A,Minh Khánh Kitty Channel
UC4oVzY3TdbbjjQlGzzJzWkw,Thịnh Phát TV
UC52EtMzKoIzqBCOF68B92RQ,Baby Baby TV
UC5ezaYrzZpyItPSRG27MLpg,POPS Kids
UC5fhANBVL7niJEfPMjudSCg,DON TV
UC5nH8uoEJuTL9ygXCQPfu5g,Dạy Bé Thông Minh
UC6frojHhM93ewqRZMfZ-DBQ,Bagger und Traktor Kinderfilm
UC6frojHhM93ewqRZMfZ-DBQ,Kids Tv Brazil
UC7T_bNunNC25G3odVRs_-Eg,POPS Baby
UC89jxlRgoiqAnO_0pm-Ug0g,Rainbow Kids - Finger Family Song
UC8Z2RfKaryEED9xqy-K0wbQ,Góc Khéo Tay Kids
UC8nkNR0NiZV08UH3yqT9b0Q,Mèo con TV
UC8ztuZeUTlKMqElO2ry61Sw,Smile Kids TV
UC9BEBvWWci7TAkB3T3YiF9Q,Amazing Toys Reviews
UC9R8TnezjF-ScSxQcnuzhFg,BABY KOI MISSION
UC9R8TnezjF-ScSxQcnuzhFg,
UC9e-Bd18tWvnVVUujx9Ba4A,PA CHANNEL
UC9tK2vaHtiU3OZoGOCKHehw,Play English TV
UC9tK2vaHtiU3OZoGOCKHehw,Cool TV - Play Dough & Draw Colors Fun
UCAN-XQPLCMh68EuG3h1j3Eg,Nhật Lan Vy
UCAmbs86JVFAmfELReXQwQcg,123 Cartoon Kids
UCBC7iY3zmASYO9TgAa5_Tdw,Kid & KID
UCBIcWTNcmxCmfn_FaiodsXw,Bé Bào Ngư
UCBP-MiOWCFt6LVe2iLpdeqw,Good Feeling TV
UCBoCVUfZyLFcXCY0-XGGq1Q,PupPy TV - Draw Amazing Coloring
UCBwXt2vO99SDJ2hzdBbBKCg,SocBoomBo
UCCGZDrEC_L10Zdc5RLBzCMw,Oka Oka
UCCGZDrEC_L10Zdc5RLBzCMw,Nikita and Vlad
UCCl9DSszLS0xA11H46FbipQ,Mimi Toys
UCCz611VixHrUgZfEG4kiWCA,WILIPOPI
UCCz611VixHrUgZfEG4kiWCA,Englich Crayon
UCDNw8H-nny5jA-yM2567cQw,THIẾU NHI SÁNG TẠO
UCDQX6yL2v1p4VSvgKWLJqJg,Trà Giang & Trà My
UCDnmzJXeVgNkpR3ZsQSDSCQ,STAR MEDIA KIDS
UCEb1f9wLZcSbbwRx5xnhg4w,BiDu TV
UCExtHfFBgkuxU-Z3W0-fO9A,KIDS THT
UCFAkDYbt-wGgwaHl65RzyqA,AFUN BANANA
UCFY_Wv5GAQwUBAb3lnkAg2w,BINBIN Toys
UCFb1Kfj_cD6HhnYMX2wo_oQ,123Kids TV
UCFwt-ZU95JzYTtr7Gu-W0Gw,C COLOR
UCGebtsRvJJ1md0S2Zw8IZ5Q,BBtube Fun
UCGebtsRvJJ1md0S2Zw8IZ5Q,Fun Place
UCGeeH3wqD2AWB3NsyBwVrbw,MYKINGDOM
UCHu1_FjV9r77T2nSa_htIMg,Toys Collection
UCIMWBezkg9NXQS3uZI7RclQ,Ben Lee
UCIMWBezkg9NXQS3uZI7RclQ,
UCIQbEX3mnpWosTGT_IIuf5A,Big Dragon TV
UCIQbEX3mnpWosTGT_IIuf5A,Cool TV - Big Balls For Kids
UCIoVmIUMCIGGJQw66EMtSrA,Sen Vang Kids
UCJ7f8Hh7MIH5eeFMk-t1JYA,Art And Toys For Kid
UCJRbsNZAwGDQV9dDaj0Xuhg,Bé Xì Trum
UCJSqD3sSdMr0mnSwv-_gD4Q,POPS KIDS MUSIC
UCJnRlG44kcLm626Nwq4B6Eg,Sắc Màu Vui Nhộn
UCLFvNfAXZ5BRpl3DzSsDN-w,Cạp Tv
UCLGXjKqEu7pC6LjKr06HBzA,Babys Channel
UCNap9raL7MSKzoj6a0CJeDw,KIDS RUSSIA TV
UCO0KauQgHEBG1gcLYD5jWbA,TONY TV
UCOGiyClKZkGcTdAzSFg5zCQ,tiNi TV
UCOiSWay5VvCd9tgFFfWG0uQ,Colors For Children
UCP0-j3Y9rgsUPZEUtgDhiVg,MCX Channel TV
UCPQtqiPAD7iZy3poq4jSAkQ,Young Hit Young Beat
UCPeAC2we6QVnBaU6A3fiANw,BÉ THẦN ĐỒNG
UCQjxJBiIS6otXbsdWF1Xg3w,Bé Chíp sún Hồng Long
UCQnhJVVczZoBY5lYcjfS2dg,Learn Colors KomboTV
UCQqRc5onhkAZmJtVAG8lOAA,Kit Kit TV
UCR7hMu_tI9Gh7IflcPG6oeg,Smile Music's
UCRQJI7PP9sHQaaYsK8PFcfQ,K-Niños TV
UCRb4eUnH6iMS8Yo06M7bMLQ,V CHANNEL
UCRb4eUnH6iMS8Yo06M7bMLQ,V Channel
UCS9JKqDiIJqps1S8kpcx2Xg,Vinamilk
UCSH1lDqt3FYb3xWIg-W6WXQ,H&H Baby TV
UCScqLJPmur451W0duOjubiw,HoangBach TV
UCSdc7HnrpocFiikXX8y9xjA,ABC123 - Every Day Kids TV
UCSkZeVTfy_emZf_7lujP2bg,Bé Bảo An
UCTKprjx8jQ_h1IUCodl05ZQ,KIDS4K
UCTtS7KlX4XSukiMn-I79WFw,Kids & Family TV - VTC11
UCTtS7KlX4XSukiMn-I79WFw,KIDSTV
UCU42rnh00bxBxzSw1gG5tSg,KATC.Kids And Toys Collection
UCVQYXbJgz40B6Sr-o6cVBvA,1F2N Friends
UCVcHySm1tTkJeo2oJGEh8lQ,Toys Kids TV
UCVi_GtP-1stDmhPuWCCQ5KA,Eli Kids
UCVi_GtP-1stDmhPuWCCQ5KA,Abi and Friends
UCWXrx8EldKEgeP1KpbmUjBQ,Amazing Kids Toys Review
UCXxi9eLT4JTdVYgwm6Wh6sg,Bé Trúc Tiên
UCYWvgY7gR8bUnRo877-286A,Linh Hoa channel
UCYn74n3cBtT5lYvlbLNYMBg,Hoài Nam TV
UCZ-SZBsfCz1MZQ05y7Q0eWQ,smile baby
UC_A-SZtdz6_crpNGYkOctGA,Trang Thư Official
UC_GUXzGCobQryDa2QHPIM8w,OMO TV
UCaERYzGshqNVNfV0ilK6OFg,JU UYEN NHI official
UCagDEcTvggjbeiXtKyeHWPg,Kids channels
UCagDEcTvggjbeiXtKyeHWPg,Hân
UCamuUo6F8lnuWM5HTgY19eg,Toys Play Time
UCbNZY79eIh9S2tfllaMLwoA,Media For Kids
UCbOurR9fMg9bTItVJROA_7A,TEEMY Timaï
UCblEzSpmbeg6qSG31QD5VHg,Color Clay
UCce0Nz8mkvV-iVo4XZRmofw,Dodo - Kids
UCcxPlohlvKaXYhTFSAz5obw,Duy Anh_KuBi
UCd_fY3yXXhaZrmepi5CCncw,Đồ Chơi Trẻ Em
UCdb3QmyzSVTrjqLwUzkiZ7g,Bé Phan Hiếu Kiên
UCduh9o1b-92OK9i8jGp28cQ,Rabbit Toys and Dolls
UCdzF3OLZ3aqODZfzbhU08UQ,Cool TV - Balls Baby Learn Colors & Nursery Rhymes
UCeIHEARqp17NOqYPNeCcTMw,Hai Kids
UCfS0eUam8GmN3NU0riJwiEg,BaBy Color
UCfgw_8ejPgtgMEz_KpQj7yw,BỐ BI
UCg7_K4dqdPTqmQ60Kn_fjqg,Nhạc Thiếu Nhi Hay
UCgBzlssa9-TqvDFz0jEFpBg,Bi Béo – Xuân Bắc
UCgH33r0H7oC5Zbakg8EjSxw,zztv kids
UCgLa3alZHE_b35p2qFjzlaA,Bích Phương Studio
UCgMoleosGJG-t5jDrypFUpQ,Bảo Nghi Official
UCgMoleosGJG-t5jDrypFUpQ,null
UChnNpoIKtRHY_P_ieYZy8XQ,YOUNG HIT YOUNG BEAT NHÍ TÀI NĂNG 2015
UCiBqkt1XRbvt_lxyvBnodvQ,Tin Tức Sao Nhí
UCiu6Pc8Dix53ijEWSXRHNnQ,Toys Kids And Funny TV
UCivyBDhJApIFIUJPWF0dpeQ,Kids Tv France
UCjAivVpSH7tFbC1Tqfvc7Qg,
UCjAivVpSH7tFbC1Tqfvc7Qg,Bé Khả Hân
UCjGZoFtIH9O9Ssvb7FsQOOQ,POPS Up
UCjR9qNrsnieK0Qg-gbVk1ww,Mouse Family
UCjhw1l_1_wTwI1JuDxo96bg,MUSIC4K
UCjly67ScgKkxQfeg_LfQudw,Học Mà Chơi
UCkKLNPuz4S1IXOXFJLo6iLg,Bảo Khương Channel
UCkgdDBHO7zl3tWIjldQeK7g,POPS Anime
UCkkK6LeBC8j3jhFU841UqWw,Children Toys
UCkyrwWdnBPixlzQADYQJ8ow,Bé Xuân Mai
UCl2uHT32gNGf7VjnkxRs5qw,3 Chị Em
UClgHa0gWisbmYMT7rwYU-Xg,Bé Khánh Ngọc
UClvYV9UUkYFIhcLQ6CExL6w,Piggy Piggy
UClyPROxA6CUfkZ5LnciRU3Q,DƯƠNG NGHI ĐÌNH OFFICIAL
UCmIRPvCjHfEZ8RFxAsrjYMA,The World of Kids
UCmIxohIXnstbc2Tt_6Wnr1g,ABC FOR KIDS
UCmcNyhNLDUe6qJ7wFeHk0yQ,iKIDS Muzik
UCnETOwCOHk9Aa6kdxnTnffA,Linh Hoa Slime
UCo75zHSLMD5nac5xirUeqhw,KCN Channel Tv
UCoeXs3gUywI0SjpnWiMq7yA,Hoàng Bách
UCq0C8beWjMJLY8ZEhuCaEhA,いたずら犬 [LOVE DOG]
UCqFlXuw5PPUOqqtzBWB8DoQ,Thoại Nghi
UCqan59B0AOEwggMWgezrNbg,Vina Cartoon
UCqxi3-CicPPD5nld5xXKy7Q,Kids Nation
UCqxi3-CicPPD5nld5xXKy7Q,Teddy ToysReview
UCrFmqVj02atbhsVZa2FAAGA,Bé Sáng Tạo
UCrfS5KW1JgXsIgt57SAaZlg,BabyFamily TV
UCsZMHQyqQ9nMgzRVWCODT_A,
UCsZMHQyqQ9nMgzRVWCODT_A,Kutin Official
UCsq-__l33nF2ZeC_sTDQ36w,ALU tivi
UCsxYWFs3wpn8JEEIGXiw1MQ,Kids Music VN
UCu99HHMJYUXHPGBVSz7S2eg,Nhã Thy
UCuHfmx-CJVLOg4eSKrjIA-Q,iKids Songs
UCuKIDy20OrxaPDwDI3pt5KQ,NiDo Channel
UCuQcrWQ7s8beKIJvcLV_9rQ,MC Toys
UCuYPSQb-RGVehTubXMFoQ2A,Kid World
UCuhkhSAsTuequwepC8fiVbA,Victoria Nguyễn
UCunfnbk6n30sc3XYU0Hw0bw,Bé Quý Dương
UCv6T2luURWjSDYM_w5m82tA,Toys And Kids
UCvQORpSvHt_o0m101sSgA1A,THƠ VÀ ĐỒNG DAO CHO BÉ
UCvcZJIApWRKkfHBkCiXuraA,Nguyệt Thu
UCwj4gsfMpLf5a6AoWn2K_xA,Hoa Mặt Trời tv
UCx2uvTkF3F6BmbFJQqzwYgA,LOR Candy TV
UCxA_LeZAvRr3PUxjghr6nVA,Art For Kids Gon
UCyLkN7y4q_gqS8nF34pwpjw,MMM Channel
UCySRDMxR5mjOjO8G4V9jArA,Ktoon Thế giới hoạt hình
UCyVYohoQsFTiJK8Qd5DkcfQ,Kids Farm
