channel_id,channel_display_name
UC_A-SZtdz6_crpNGYkOctGA,Trang Thư Official
UC_GUXzGCobQryDa2QHPIM8w,OMO TV
UC01qSH2u9gy09mkY8DFZxBw,Angel Kids
UC0rDqtyve7lpHoQ1xjfZlTQ,AM Kids
UC18Hxqi1DFE1SNMpojzo5OA,BonBonBaby TV
UC1psboQLDVCEOD46RNPZdgg,Boomerang Vietnam
UC1yOvzLdFKCF8Kvjv9S67AA,Bé KuTin
UC2abANDLvd-3RYFHuZ3ETrg,Bé Bảo Ngọc
UC2kDfx1y4p8Jv_lujE4cKuA,Baby TV
UC2Me09D_Yqk8sQjqxNxxf0w,Me Khờ
UC2tJnB1KDKt3GK_cZKSkbOw,Quả Trứng TV
UC2X4rcHeVGxc7EAA9jiEJLw,ABC Kids Toys Review
UC34FYBzqEI_wpZRnBe3A7RQ,Phương Nhi Music
UC3tpp3Vwf6Coi9a00ikk5XA,Thao Nguyen Teddy
UC4jAQ4v6HpjgAqD3LKOox5A,Minh Khánh Kitty Channel
UC4oVzY3TdbbjjQlGzzJzWkw,Thịnh Phát TV
UC52EtMzKoIzqBCOF68B92RQ,Baby Baby TV
UC5ezaYrzZpyItPSRG27MLpg,POPS Kids
UC5fhANBVL7niJEfPMjudSCg,DON TV
UC5nH8uoEJuTL9ygXCQPfu5g,Dạy Bé Thông Minh
UC6frojHhM93ewqRZMfZ-DBQ,Bagger und Traktor Kinderfilm
UC7T_bNunNC25G3odVRs_-Eg,POPS Baby
UC89jxlRgoiqAnO_0pm-Ug0g,Rainbow Kids - Finger Family Song
UC8nkNR0NiZV08UH3yqT9b0Q,Mèo con TV
UC8Z2RfKaryEED9xqy-K0wbQ,Góc Khéo Tay Kids
UC8ztuZeUTlKMqElO2ry61Sw,Smile Kids TV
UC9BEBvWWci7TAkB3T3YiF9Q,Amazing Toys Reviews
UC9e-Bd18tWvnVVUujx9Ba4A,PA CHANNEL
UC9R8TnezjF-ScSxQcnuzhFg,BABY KOI MISSION
UC9tK2vaHtiU3OZoGOCKHehw,Play English TV
UCaERYzGshqNVNfV0ilK6OFg,JU UYEN NHI official
UCagDEcTvggjbeiXtKyeHWPg,Kids channels
UCAmbs86JVFAmfELReXQwQcg,123 Cartoon Kids
UCamuUo6F8lnuWM5HTgY19eg,Toys Play Time
UCAN-XQPLCMh68EuG3h1j3Eg,Nhật Lan Vy
UCBC7iY3zmASYO9TgAa5_Tdw,Kid & KID
UCBIcWTNcmxCmfn_FaiodsXw,Bé Bào Ngư
UCblEzSpmbeg6qSG31QD5VHg,Color Clay
UCbNZY79eIh9S2tfllaMLwoA,Media For Kids
UCBoCVUfZyLFcXCY0-XGGq1Q,PupPy TV - Draw Amazing Coloring
UCbOurR9fMg9bTItVJROA_7A,TEEMY Timaï
UCBP-MiOWCFt6LVe2iLpdeqw,Good Feeling TV
UCBwXt2vO99SDJ2hzdBbBKCg,SocBoomBo
UC-CcF1XGCRASDRrEOI_zEnQ,Kan Kids
UCce0Nz8mkvV-iVo4XZRmofw,Dodo - Kids
UCCGZDrEC_L10Zdc5RLBzCMw,Oka Oka
UCCl9DSszLS0xA11H46FbipQ,Mimi Toys
UCcxPlohlvKaXYhTFSAz5obw,Duy Anh_KuBi
UCCz611VixHrUgZfEG4kiWCA,WILIPOPI
UCd_fY3yXXhaZrmepi5CCncw,Đồ Chơi Trẻ Em
UCdb3QmyzSVTrjqLwUzkiZ7g,Bé Phan Hiếu Kiên
UCDnmzJXeVgNkpR3ZsQSDSCQ,STAR MEDIA KIDS
UCDNw8H-nny5jA-yM2567cQw,THIẾU NHI SÁNG TẠO
UCDQX6yL2v1p4VSvgKWLJqJg,Trà Giang & Trà My
UCduh9o1b-92OK9i8jGp28cQ,Rabbit Toys and Dolls
UCdzF3OLZ3aqODZfzbhU08UQ,Cool TV - Balls Baby Learn Colors & Nursery Rhymes
UCEb1f9wLZcSbbwRx5xnhg4w,BiDu TV
UC-ED1Y9R0Iss1r9sFxGo42g,Gia Khiêm
UCeIHEARqp17NOqYPNeCcTMw,Hai Kids
UCExtHfFBgkuxU-Z3W0-fO9A,KIDS THT
UCFAkDYbt-wGgwaHl65RzyqA,AFUN BANANA
UCFb1Kfj_cD6HhnYMX2wo_oQ,123Kids TV
UCfgw_8ejPgtgMEz_KpQj7yw,BỐ BI
UCfS0eUam8GmN3NU0riJwiEg,BaBy Color
UCFwt-ZU95JzYTtr7Gu-W0Gw,C COLOR
UCFY_Wv5GAQwUBAb3lnkAg2w,BINBIN Toys
UCg7_K4dqdPTqmQ60Kn_fjqg,Nhạc Thiếu Nhi Hay
UCgBzlssa9-TqvDFz0jEFpBg,Bi Béo – Xuân Bắc
UCGebtsRvJJ1md0S2Zw8IZ5Q,BBtube Fun
UCGeeH3wqD2AWB3NsyBwVrbw,MYKINGDOM
UCgH33r0H7oC5Zbakg8EjSxw,zztv kids
UCgLa3alZHE_b35p2qFjzlaA,Bích Phương Studio
UCgMoleosGJG-t5jDrypFUpQ,Bảo Nghi Official
UChnNpoIKtRHY_P_ieYZy8XQ,YOUNG HIT YOUNG BEAT NHÍ TÀI NĂNG 2015
UCHu1_FjV9r77T2nSa_htIMg,Toys Collection
UCiBqkt1XRbvt_lxyvBnodvQ,Tin Tức Sao Nhí
UCIMWBezkg9NXQS3uZI7RclQ,Ben Lee
UCIoVmIUMCIGGJQw66EMtSrA,Sen Vang Kids
UCIQbEX3mnpWosTGT_IIuf5A,Big Dragon TV
UCiu6Pc8Dix53ijEWSXRHNnQ,Toys Kids And Funny TV
UCivyBDhJApIFIUJPWF0dpeQ,Kids Tv France
UCJ7f8Hh7MIH5eeFMk-t1JYA,Art And Toys For Kid
UCjAivVpSH7tFbC1Tqfvc7Qg,Bé Khả Hân
UCjGZoFtIH9O9Ssvb7FsQOOQ,POPS Up
UCjhw1l_1_wTwI1JuDxo96bg,MUSIC4K
UCjly67ScgKkxQfeg_LfQudw,Học Mà Chơi
UCJnRlG44kcLm626Nwq4B6Eg,Sắc Màu Vui Nhộn
UCjR9qNrsnieK0Qg-gbVk1ww,Mouse Family
UCJRbsNZAwGDQV9dDaj0Xuhg,Bé Xì Trum
UCJSqD3sSdMr0mnSwv-_gD4Q,POPS KIDS MUSIC
UCkgdDBHO7zl3tWIjldQeK7g,POPS Anime
UCkkK6LeBC8j3jhFU841UqWw,Children Toys
UCkKLNPuz4S1IXOXFJLo6iLg,Bảo Khương Channel
UCkyrwWdnBPixlzQADYQJ8ow,Bé Xuân Mai
UCl2uHT32gNGf7VjnkxRs5qw,3 Chị Em
UCLFvNfAXZ5BRpl3DzSsDN-w,Cạp Tv
UClgHa0gWisbmYMT7rwYU-Xg,Bé Khánh Ngọc
UCLGXjKqEu7pC6LjKr06HBzA,Babys Channel
UClvYV9UUkYFIhcLQ6CExL6w,Piggy Piggy
UClyPROxA6CUfkZ5LnciRU3Q,DƯƠNG NGHI ĐÌNH OFFICIAL
UCmcNyhNLDUe6qJ7wFeHk0yQ,iKIDS Muzik
UCmIRPvCjHfEZ8RFxAsrjYMA,The World of Kids
UCmIxohIXnstbc2Tt_6Wnr1g,ABC FOR KIDS
UC-N91-1XuOboAS_KOHWxpZw,Kênh Bé Yêu - Videos For Kids
UCNap9raL7MSKzoj6a0CJeDw,KIDS RUSSIA TV
UCnETOwCOHk9Aa6kdxnTnffA,Linh Hoa Slime
UCO0KauQgHEBG1gcLYD5jWbA,TONY TV
UCo75zHSLMD5nac5xirUeqhw,KCN Channel Tv
UCoeXs3gUywI0SjpnWiMq7yA,Hoàng Bách
UCOGiyClKZkGcTdAzSFg5zCQ,tiNi TV
UCOiSWay5VvCd9tgFFfWG0uQ,Colors For Children
UCP0-j3Y9rgsUPZEUtgDhiVg,MCX Channel TV
UCPeAC2we6QVnBaU6A3fiANw,BÉ THẦN ĐỒNG
UCPQtqiPAD7iZy3poq4jSAkQ,Young Hit Young Beat
UCq0C8beWjMJLY8ZEhuCaEhA,いたずら犬 [LOVE DOG]
UCqan59B0AOEwggMWgezrNbg,Vina Cartoon
UCqFlXuw5PPUOqqtzBWB8DoQ,Thoại Nghi
UCQjxJBiIS6otXbsdWF1Xg3w,Bé Chíp sún Hồng Long
UCQnhJVVczZoBY5lYcjfS2dg,Learn Colors KomboTV
UCQqRc5onhkAZmJtVAG8lOAA,Kit Kit TV
UCqxi3-CicPPD5nld5xXKy7Q,Kids Nation
UCR7hMu_tI9Gh7IflcPG6oeg,Smile Music's
UCRb4eUnH6iMS8Yo06M7bMLQ,V CHANNEL
UCrFmqVj02atbhsVZa2FAAGA,Bé Sáng Tạo
UCrfS5KW1JgXsIgt57SAaZlg,BabyFamily TV
UCRQJI7PP9sHQaaYsK8PFcfQ,K-Niños TV
UCS9JKqDiIJqps1S8kpcx2Xg,Vinamilk
UCScqLJPmur451W0duOjubiw,HoangBach TV
UCSdc7HnrpocFiikXX8y9xjA,ABC123 - Every Day Kids TV
UCSH1lDqt3FYb3xWIg-W6WXQ,H&H Baby TV
UCSkZeVTfy_emZf_7lujP2bg,Bé Bảo An
UCsq-__l33nF2ZeC_sTDQ36w,ALU tivi
UCsxYWFs3wpn8JEEIGXiw1MQ,Kids Music VN
UCsZMHQyqQ9nMgzRVWCODT_A,Kutin Official
UCTKprjx8jQ_h1IUCodl05ZQ,KIDS4K
UCTtS7KlX4XSukiMn-I79WFw,Kids & Family TV - VTC11
UCU42rnh00bxBxzSw1gG5tSg,KATC.Kids And Toys Collection
UCu99HHMJYUXHPGBVSz7S2eg,Nhã Thy
UCuHfmx-CJVLOg4eSKrjIA-Q,iKids Songs
UCuhkhSAsTuequwepC8fiVbA,Victoria Nguyễn
UCuKIDy20OrxaPDwDI3pt5KQ,NiDo Channel
UCunfnbk6n30sc3XYU0Hw0bw,Bé Quý Dương
UCuQcrWQ7s8beKIJvcLV_9rQ,MC Toys
UCuYPSQb-RGVehTubXMFoQ2A,Kid World
UCv6T2luURWjSDYM_w5m82tA,Toys And Kids
UCVcHySm1tTkJeo2oJGEh8lQ,Toys Kids TV
UCvcZJIApWRKkfHBkCiXuraA,Nguyệt Thu
UCVi_GtP-1stDmhPuWCCQ5KA,Eli Kids
UCvQORpSvHt_o0m101sSgA1A,THƠ VÀ ĐỒNG DAO CHO BÉ
UCVQYXbJgz40B6Sr-o6cVBvA,1F2N Friends
UCwj4gsfMpLf5a6AoWn2K_xA,Hoa Mặt Trời tv
UCWXrx8EldKEgeP1KpbmUjBQ,Amazing Kids Toys Review
UCx2uvTkF3F6BmbFJQqzwYgA,LOR Candy TV
UCxA_LeZAvRr3PUxjghr6nVA,Art For Kids Gon
UCXxi9eLT4JTdVYgwm6Wh6sg,Bé Trúc Tiên
UCyLkN7y4q_gqS8nF34pwpjw,MMM Channel
UCYn74n3cBtT5lYvlbLNYMBg,Hoài Nam TV
UCySRDMxR5mjOjO8G4V9jArA,Ktoon Thế giới hoạt hình
UCyVYohoQsFTiJK8Qd5DkcfQ,Kids Farm
UCYWvgY7gR8bUnRo877-286A,Linh Hoa channel
UCZ-SZBsfCz1MZQ05y7Q0eWQ,smile baby
